FIPS,y_pred_foodinsec2123,y_pred_diabetes19,p_hat_obesityhot
1007,11.500645794298157,9.529611,0.9999973854819245
1019,11.500645794298157,9.306205,0.9999960688654588
1035,11.500645794298157,11.804063,0.9999972713388334
1051,11.500645794298157,10.823753,0.9999972716150384
1053,11.500645794298157,13.433934,0.999998243633673
1079,11.500645794298157,10.146438,0.9999968701887054
1083,11.500645794298157,10.455326,0.9999962423728215
1105,11.500645794298157,11.189828,0.9999970489796963
1115,11.500645794298157,10.202776,0.9999977083111451
1121,11.500645794298157,12.044234,0.9999973951954773
1133,11.500645794298157,9.171127,0.9999966326787937
2070,10.400216586375894,11.173241,0.0077540318686923695
2090,10.400216586375894,7.9950814,0.01079451874355835
2105,10.400216586375894,7.553676,0.0019786243997170208
2170,10.400216586375894,8.8481,0.009831126408784828
4001,11.801397093119572,12.272151,1.0701383911237637e-07
4017,11.801397093119572,10.972805,5.736561287899498e-08
5011,18.8996848691571,9.364221,0.010006917151745984
5027,18.8996848691571,9.861497,0.011689866375698509
5031,18.8996848691571,10.43166,0.018880599641663068
5035,18.8996848691571,12.220263,0.02128136746716155
5043,18.8996848691571,9.542328,0.015370290902803119
5065,18.8996848691571,8.81306,0.016457041200283924
5105,18.899684869157095,8.246035,0.013569350404670657
5127,18.8996848691571,8.279129,0.01189531221526259
5131,18.8996848691571,10.547809,0.01213672259523004
6013,11.400388338120043,8.066226,1.7094872512201774e-11
6015,11.400388338120043,7.9591713,2.8367395618911026e-11
6021,11.400388338120043,7.8337083,3.565120678468484e-11
6035,11.400388338120043,8.115007,5.7986475550162956e-11
6045,11.400388338120043,7.598938,2.309933706027639e-11
6071,11.400388338120043,10.13513,1.5378137609810705e-12
6077,11.400388338120043,10.012184,1.4413467210145314e-11
6107,11.400388338120043,8.980284,8.991148481808982e-12
8003,9.900227722564372,8.05452,1.9690753879218698e-10
8009,9.900227722564372,7.534001,3.0987493119938477e-10
8013,9.900227722564372,5.5204315,1.051545081511953e-10
8015,9.900227722564372,6.52481,1.8429203701034935e-10
8037,9.900227722564372,6.212559,1.7738290888659486e-10
8039,9.900227722564372,6.2230735,4.273972293638384e-10
8067,9.900227722564372,5.7298336,2.2941265209654321e-10
8075,9.900227722564372,7.588868,5.30480008076225e-10
8087,9.900227722564372,8.20528,2.1575140019849154e-10
8089,9.900227722564372,7.9141593,2.2527988818997512e-10
8105,9.900227722564372,7.809574,1.7440652523267244e-10
12005,11.999998714530985,10.116207,5.7189832468898643e-08
12007,11.999998714530985,10.585669,5.588931828020099e-08
12011,11.999998714530985,9.107591,2.2783833389673392e-08
12029,11.999998714530985,9.864454,5.242836761096333e-08
12039,11.999998714530985,13.09323,6.252699195538012e-08
12047,11.999998714530985,10.2525425,4.763916449459731e-08
12053,11.999998714530985,10.318587,5.803636037955554e-08
12059,11.999998714530985,10.660734,5.081633308352124e-08
12067,11.999998714530985,9.954126,5.016086744039099e-08
12069,11.999998714530985,10.062123,2.5785568681961153e-08
12089,11.999998714530985,9.6335335,6.412367085090261e-08
12095,11.999998714530985,9.536327,1.256199094325464e-08
12111,11.999998714530985,10.435307,3.700226720910244e-08
12113,11.999998714530985,8.901992,3.4981544631559156e-08
12117,11.999998714530985,8.63075,2.7636966860544612e-08
12127,11.999998714530985,9.63709,4.440621872489837e-08
13015,12.799933335776103,10.009121,7.910149262452637e-06
13023,12.799933335776103,8.772793,5.825465978827094e-06
13027,12.799933335776103,9.277938,8.378476410294632e-06
13059,12.799933335776103,9.415415,6.399285030101202e-06
13091,12.799933335776103,10.756788,8.560618784320698e-06
13093,12.799933335776103,9.6168165,6.894736647863492e-06
13105,12.799933335776103,9.069544,5.692249598453726e-06
13115,12.799933335776103,11.310805,6.4240586017077605e-06
13121,12.439044200262085,9.257178,2.0537074652355986e-06
13135,12.799933335776103,9.022372,1.7367681095021953e-06
13147,12.799933335776103,8.970524,5.134618826266041e-06
13151,12.799933335776103,11.732866,7.002162589453601e-06
13159,12.799933335776103,8.899657,7.266330189253301e-06
13179,12.799933335776103,10.06133,6.462990725397429e-06
13205,12.799933335776103,10.3948765,8.538725561224315e-06
13245,12.799933335776103,12.814277,1.0683891412700923e-05
13257,12.799933335776103,9.092539,6.199399878778732e-06
13269,12.799933335776103,8.698074,7.515727236924193e-06
13283,12.799933335776103,8.281971,5.735974970301046e-06
13301,12.799933335776103,8.89773,6.9862447625661395e-06
13307,12.799933335776103,8.190997,6.621408538676626e-06
13309,12.799933335776103,8.655307,7.0463490573076264e-06
15009,9.597302803315818,7.586692,1.933386618008532e-11
16007,11.300115947439602,7.2987075,3.933215467181942e-06
16023,11.300115947439602,7.5025625,2.92055206504755e-06
16031,11.300115947439602,8.472646,2.920144809970834e-06
16065,11.300115947439602,9.08219,5.02819326144726e-06
16079,11.300115947439602,8.089909,2.163338021898479e-06
16087,11.300115947439602,8.291269,3.0140399140394984e-06
17007,12.399989721524584,8.486693,0.004705684823475383
17025,12.399989721524584,7.329521,0.010353906557778455
17033,12.399989721524584,7.674137,0.009737070270489125
17039,12.399989721524584,7.3565564,0.011433079793383087
17041,12.399989721524584,7.3413744,0.007849134731028789
17047,12.399989721524584,7.380488,0.008663034751174293
17053,12.399989721524584,7.4665756,0.010299888312397363
17055,12.399989721524584,8.469783,0.009640654446605612
17069,12.399989721524584,7.3664064,0.007446771513279665
17075,12.399989721524584,7.783746,0.011125654428527646
17079,12.399989721524584,7.431071,0.00990449354060332
17105,12.399989721524584,7.668826,0.0064826450776512235
17107,12.399989721524584,7.665926,0.011726851319529183
17127,12.399989721524584,7.9806275,0.012167024977912664
17135,12.399989721524584,7.8515897,0.008887236664660922
17147,12.399989721524584,7.9304776,0.015793160456950384
17151,12.399989721524584,7.6273336,0.010855935487087562
17177,12.399989721524584,8.580739,0.012750695251327021
17179,12.399989721524584,8.047759,0.014334709179502546
17185,12.399989721524584,7.4961505,0.008803452370619583
17189,12.399989721524584,7.544092,0.010815608158583657
17195,12.399989721524584,7.7631526,0.010987986894703304
17203,12.399989721524584,7.59027,0.012322131035102627
18023,12.19991296619519,8.605455,0.9975536006439542
18029,12.19991296619519,8.687961,0.9983392301399675
18035,12.19991296619519,10.206107,0.9978535375172729
18065,12.19991296619519,10.25961,0.9983073953376883
18067,12.19991296619519,10.5505085,0.9983248381958787
18083,12.19991296619519,8.905614,0.9975173026590802
18087,12.19991296619519,7.7214622,0.9927876380662813
18089,12.19991296619519,10.996466,0.9977502706948203
18091,12.19991296619519,9.578334,0.9983972467114957
18109,12.19991296619519,9.8688135,0.9986044439214184
18117,12.19991296619519,8.148694,0.9977633432892989
18129,12.19991296619519,8.524858,0.998528083524755
18137,12.19991296619519,8.946746,0.998141282384565
18139,12.19991296619519,9.249313,0.9983893740187657
18161,12.19991296619519,7.7597985,0.9980562846616363
18179,12.19991296619519,8.2790785,0.998406703836189
18181,12.19991296619519,8.599574,0.9979149155918792
19003,9.80024748439797,7.9968925,0.015179154060986917
19007,9.80024748439797,9.311115,0.01518292726541267
19019,9.80024748439797,7.745775,0.014891900490830254
19025,9.80024748439797,8.189568,0.012488098284958057
19027,9.80024748439797,7.9479957,0.009955829616380066
19035,9.80024748439797,8.107215,0.014620511431429695
19047,9.80024748439797,9.122026,0.012259934607712804
19051,9.80024748439797,7.5568905,0.00524215492211077
19069,9.80024748439797,8.411061,0.009328083793610196
19109,9.80024748439797,8.187424,0.009610510491688368
19113,9.80024748439797,8.970575,0.011808017467337813
19119,9.80024748439797,8.240428,0.014944709882712917
19133,9.80024748439797,8.125091,0.012340579669120505
19141,9.80024748439797,7.887556,0.008956167079884128
19149,9.80024748439797,7.968954,0.012464470445501155
19157,9.80024748439797,8.236724,0.017433206326814957
20001,10.60041460270902,10.2819605,0.004025544734086857
20011,10.60041460270902,9.187434,0.00435654276026862
20013,10.60041460270902,8.619447,0.002540957865465311
20033,10.60041460270902,7.3943777,0.002318252449037609
20041,10.60041460270902,8.181521,0.0028970404261235627
20051,10.60041460270902,8.412359,0.002741002968686641
20071,10.60041460270902,7.848743,0.003617495342118303
20081,10.60041460270902,7.7179003,0.004040357664730925
20103,10.60041460270902,9.783131,0.002812439112274658
20121,10.60041460270902,8.654346,0.0037618357276292306
20127,10.60041460270902,8.548993,0.003994498556830817
20133,10.60041460270902,9.118402,0.002829889958823229
20139,10.60041460270902,7.8863564,0.0034321074139509844
20145,10.60041460270902,9.285689,0.0032061159100202448
20149,10.60041460270902,7.971503,0.004215531103538694
20151,10.60041460270902,8.106111,0.0022787984468934457
20163,10.60041460270902,7.7512383,0.0018300579958160622
20169,10.60041460270902,8.953147,0.00253984270693434
20177,10.60041460270902,10.022594,0.0031156092756859668
20181,10.60041460270902,8.682883,0.0017362626449287173
20183,10.60041460270902,8.444074,0.002101672511766966
20187,10.60041460270902,7.471879,0.000991973988335529
20197,10.60041460270902,7.9437103,0.003246505464085505
20203,10.60041460270902,8.781132,0.029900406524786267
20205,10.60041460270902,8.855103,0.0032723329915771322
21003,14.499706672623613,7.927804,0.998854168319325
21015,14.499706672623613,9.642761,0.9990278814430149
21021,14.499706672623613,8.719479,0.9988567515941312
21031,14.499706672623613,8.27286,0.9993000471816168
21035,14.499706672623613,9.4888735,0.9992533895464473
21037,14.499706672623613,8.796844,0.9991395602352839
21045,14.499706672623613,9.361124,0.9988328469755776
21047,14.499706672623613,10.083705,0.9986131336994112
21055,14.499706672623613,7.8774714,0.9989069503490934
21065,14.499706672623613,9.5140295,0.999175050904177
21109,14.499706672623613,9.218376,0.9991893552420503
21131,14.499706672623613,9.261938,0.9991835502583619
21139,14.499706672623613,7.5674376,0.999187873842789
21141,14.499706672623613,8.658943,0.9988988659254308
21143,14.499706672623613,8.183721,0.9991783353614055
21153,14.499706672623613,9.558037,0.9992451895265212
21157,14.499706672623613,8.54615,0.9991908706150668
21191,14.499706672623613,7.904473,0.9987242313054573
21193,14.499706672623613,12.6627445,0.9991755152010425
21205,14.499706672623613,9.945963,0.9989950310859853
21213,14.499706672623613,8.497847,0.9990566117602969
21225,14.499706672623613,9.386905,0.9990675086494825
21229,14.499706672623613,8.080612,0.9988856968527445
21231,14.499706672623613,10.142392,0.999304346986071
21233,14.499706672623613,9.013604,0.9991875458377963
22001,16.199908115779248,10.137333,0.9948925468526094
22005,16.199908115779248,10.162229,0.9948247449583583
22021,16.199908115779248,8.65553,0.9933811229802867
22023,16.199908115779248,8.028677,0.9940415003348162
22025,16.199908115779248,8.560462,0.9910183739623286
22035,16.199908115779248,9.339759,0.9924493545401818
22057,16.199908115779248,9.502289,0.9946990920500347
22061,16.199908115779248,10.648494,0.9932999725204804
22081,16.199908115779248,9.083059,0.993479551863836
22085,16.199908115779248,9.782169,0.9934588248630462
22099,16.199908115779248,10.648791,0.9952935944573881
22111,16.199908115779248,9.18361,0.9948869870493919
22115,16.199908115779248,10.24379,0.9940390745558496
22121,16.199908115779248,9.321398,0.9951631387301548
22123,16.199908115779248,8.941911,0.9942898779531393
22127,16.199908115779248,9.308992,0.9935145914170975
23001,10.900904099427743,10.440925,0.007471061977748223
23003,10.928199271930525,9.352445,0.0033516078084908363
23009,10.900904099427743,7.2253485,0.0013362691217455053
23013,10.900904099427743,6.6465774,0.0027965416198176035
23015,10.900904099427743,7.7003465,0.0013917029975044845
24005,10.400762870993985,9.403874,0.0006226952251085517
24023,10.400762870993985,9.149419,0.0007298301135888515
24041,10.400762870993985,7.9453025,0.0012192404531192636
24510,10.399983148488095,12.352008,0.0008563289520607326
25013,9.300646629106863,10.015176,2.613664473726255e-10
25015,9.300646629106863,7.1098666,1.2516172958059106e-10
25023,9.300646629106863,7.5890627,2.821777241203911e-10
25025,9.300646629106863,8.600275,2.1533901911513908e-10
26003,12.999724540258903,7.7736554,0.010366776511853632
26013,12.999724540258903,7.9917593,0.01869877966168096
26057,12.999724540258903,8.40224,0.021658379436963568
26061,12.999724540258903,8.608496,0.016659115654681374
26079,12.999724540258903,8.092405,0.02031135304690959
26089,12.999724540258903,7.6209064,0.022171560640868723
26119,12.999724540258903,7.7403827,0.01804870725682309
26139,12.999724540258903,7.452623,0.01808074279090003
26141,12.999724540258903,7.9114327,0.01935669401593215
26147,12.999724540258903,9.522396,0.019360833324511096
26151,12.999724540258903,8.679454,0.015265402589783946
26157,12.999724540258903,8.050998,0.01903540285280538
26163,12.999724540258903,10.775348,0.006058201111597216
27011,9.100107824046372,7.4969697,9.792887871038823e-11
27025,9.100107824046372,8.013084,1.1131070334028989e-10
27035,9.100107824046372,8.0112,1.1429595755485736e-10
27037,9.100107824046372,7.4037094,6.995513255770744e-11
27045,9.100107824046372,8.158437,1.2355593655425042e-10
27055,9.100107824046372,7.6088777,1.4624068237144005e-10
27065,9.09936872828819,7.4558544,8.625068589822532e-11
27071,9.100107824046372,8.041328,7.630246581781882e-11
27083,9.100107824046372,8.262688,1.1140044569690744e-10
27085,9.100107824046372,7.981882,9.790400723376278e-11
27097,9.100107824046372,7.793801,1.0729852797687389e-10
27115,9.100107824046372,8.896263,1.0622484966381951e-10
27129,9.100107824046372,8.189573,8.622516535089395e-11
27147,9.100107824046372,7.5431886,8.624993897475088e-11
28001,16.1997721961428,11.4037485,0.9996807500988775
28015,16.199772196142803,9.539228,0.9997508511916919
28019,16.1997721961428,9.398897,0.999681616601402
28027,16.1997721961428,11.787473,0.9997250212055011
28029,16.1997721961428,11.184931,0.9997798762690282
28041,16.1997721961428,10.329378,0.9996933299787251
28045,16.1997721961428,10.306503,0.9997170119726176
28047,16.1997721961428,11.448007,0.99915443087819
28051,16.1997721961428,11.235252,0.9998222133642958
28067,16.1997721961428,11.357919,0.9995735400579524
28073,16.1997721961428,10.064816,0.999761747196904
28079,16.1997721961428,10.691613,0.9996543674239777
28089,16.1997721961428,8.814266,0.9997439287095524
28095,16.1997721961428,10.443813,0.9997141591105121
28101,16.1997721961428,10.490156,0.9997390466974041
28117,16.1997721961428,10.137098,0.9997272055586489
28121,16.1997721961428,10.242429,0.9997819183656594
28123,16.1997721961428,10.561796,0.9996494152278624
28131,16.1997721961428,9.387925,0.9997576030454387
28141,16.1997721961428,8.8993845,0.9996455027757251
28145,16.1997721961428,9.209235,0.9996473254537371
28153,16.1997721961428,11.131284,0.9996784313590805
28161,16.1997721961428,11.28603,0.9997576237621598
29007,12.700119674211635,8.008803,0.004311053126972066
29009,12.700119674211635,8.244215,0.004329602644283892
29013,12.700119674211635,7.7037597,0.0057774762639221594
29021,12.700119674211635,9.244174,0.0070177035482373255
29023,12.700119674211635,11.28102,0.007366497592183272
29029,12.700119674211635,7.343549,0.005544444907423304
29031,12.700119674211635,9.472474,0.010975303946060624
29037,12.700119674211635,8.879467,0.005941389721253872
29043,12.700119674211635,7.985381,0.006949822539024568
29047,12.700119674211635,8.123454,0.006235646626550644
29071,12.700119674211635,8.632703,0.008382659430776934
29073,12.700119674211635,7.615853,0.0056623864239244365
29093,12.700119674211635,8.186686,0.004000302780729092
29097,12.700119674211635,9.265413,0.006643660077205123
29101,12.700119674211635,8.766878,0.004028601157684406
29103,12.700119674211635,8.069688,0.004698618490694232
29107,12.700119674211635,8.560525,0.006654223798341936
29117,12.700119674211635,7.843858,0.005328725199461852
29129,12.700119674211635,7.873149,0.002279669779027609
29143,12.700119674211635,8.592114,0.0048790519004502635
29147,12.700119674211635,8.562262,0.005894474292050099
29153,12.700119674211635,7.7873273,0.0053022481493958116
29157,12.700119674211635,7.7877707,0.00606496532835003
29165,12.700119674211635,8.78226,0.008174404127382842
29175,12.700119674211635,8.71143,0.0058306276390679935
29186,12.700119674211635,8.055184,0.006853115326251413
29187,12.700119674211635,9.194384,0.006447737675014796
29189,12.700119674211635,9.164204,0.004875159815017492
29197,12.700119674211635,7.808874,0.003106614042426994
29207,12.700119674211635,9.17225,0.007609905857898842
29209,12.700119674211635,7.728566,0.0043662533462168135
29213,12.700119674211635,8.848108,0.005861330237033845
30007,10.600472446718147,7.3272424,6.167574228488661e-09
30017,10.600472446718147,8.050424,6.058883893825155e-09
30055,10.600472446718147,7.073493,4.322703955598752e-09
30069,10.600472446718147,7.2016706,2.1539726246406134e-09
30075,10.600472446718147,6.6742797,3.977910281082657e-09
30083,10.600472446718147,7.451167,5.202016882076118e-09
30099,10.600472446718147,7.277755,4.4063114918157145e-09
30101,10.600472446718147,7.5495763,4.990306710033327e-09
31017,12.899421448602757,7.4501743,0.000742980969254944
31023,12.899421448602757,7.387728,0.0011062157227214949
31053,12.899421448602757,9.505533,0.0010870152336026765
31073,12.899421448602757,7.387585,0.0010276629337469911
31075,12.899421448602757,7.852752,0.0006172613038159461
31081,12.899421448602757,7.4187107,0.0013029463457808488
31089,12.899421448602757,8.116958,0.0009475865781477321
31091,12.899421448602757,7.7554193,0.000691682028615029
31119,12.899421448602757,9.081733,0.0012588181699006596
31125,12.899421448602757,7.3757563,0.0008653900556940542
31131,12.899421448602757,8.656394,0.0008564439747142945
31137,12.899421448602757,8.493826,0.0014167952748882287
31139,12.899421448602757,8.2904005,0.0011123210493056953
31147,12.899421448602757,8.048762,0.001089511361570663
31153,12.899421448602757,9.126604,0.0011768314147457993
31155,12.899421448602757,7.6887197,0.0011170897713204454
31159,12.899421448602757,7.5408826,0.0016873248335784092
31161,12.899421448602757,8.423803,0.0007361320271064105
31181,12.899421448602757,7.9384203,0.0007745745610852078
32005,12.500763544009397,7.757539,7.003183707098535e-06
32011,12.500763544009397,7.487952,4.363619291973915e-06
32015,12.500763544009397,7.810072,5.645986251164687e-06
32023,12.500763544009397,9.12983,4.398587521364438e-06
33003,7.401198879020185,7.048638,1.0381815906674825e-10
33013,7.401198879020185,7.914935,3.8397004528071316e-10
35001,12.899500049184608,7.777909,0.004256809094427147
35005,12.899500049184608,11.475034,0.018296416757801102
35007,12.899500049184608,8.624247,0.006751384083022864
35015,12.899500049184608,8.685445,0.015801668215369134
35031,12.898173942389846,12.79219,0.04379260511633597
35051,12.899500049184608,8.323472,0.01928007341364812
36011,12.299617099814261,9.757462,1.6174275375567713e-08
36039,12.299617099814261,8.989825,2.7214003103473994e-08
36043,12.299617099814261,9.080401,3.734363860835291e-08
36049,12.299617099814261,8.068311,3.094020146322146e-08
36073,12.299617099814261,9.353228,4.3668751199169e-08
36095,12.299617099814261,8.2918005,2.1335827426228287e-08
36099,12.299617099814261,8.253449,8.812940173692814e-09
36107,12.299617099814261,8.290274,2.8053007091388557e-08
36117,12.299617099814261,9.166639,2.5222224965871926e-08
36121,12.299617099814261,8.936023,3.6229898366337264e-08
37007,10.900319705293114,10.312893,0.005414514888096468
37011,10.900319705293114,7.879111,0.004267657212655367
37043,10.900319705293114,7.49778,0.002927454468089293
37045,10.900319705293114,10.317072,0.004340783909623745
37047,10.900319705293114,11.341055,0.00696861069318052
37051,10.900319705293114,11.578787,0.005676952325516625
37059,10.900319705293114,8.767926,0.0047023882922587745
37063,10.900319705293114,8.008181,0.0035826867190336307
37073,10.900319705293114,8.311871,0.005866396479930192
37095,10.900319705293114,7.7778993,0.004343175957871208
37137,10.900319705293114,8.42787,0.004522082969014676
37161,10.900319705293114,9.529931,0.004318596587458387
37169,10.900319705293114,8.290207,0.003681103797982796
37189,10.900319705293114,7.940105,0.003432281267714014
37191,10.900319705293114,11.910333,0.005865397859620519
37195,10.900319705293114,10.4993,0.004291775963209307
38001,8.600405478562603,7.8155417,3.1337884747672444e-06
38007,8.600405478562603,7.6562705,1.4776617418318252e-06
38009,8.600405478562603,7.514181,3.051999852297037e-06
38017,8.600405478562603,7.3353786,4.78336068254571e-06
38037,8.600405478562603,7.882674,2.5619980841038768e-06
38041,8.600405478562603,7.4101534,1.3001281310635371e-06
38047,8.600405478562603,7.5265903,2.414933526362652e-06
38053,8.599666382804422,8.959098,3.7885074291455113e-06
38059,8.600405478562603,7.6361876,5.011787586035359e-06
38099,8.600405478562603,8.107841,2.1318432046344146e-06
39007,12.799700309904525,9.794981,0.9969601454657897
39023,12.799700309904525,10.317664,0.9966806069123493
39029,12.799700309904525,9.237217,0.9955645422356278
39031,12.799700309904525,9.84167,0.9968295524992106
39043,12.799700309904525,8.837369,0.9966262615955971
39069,12.799700309904525,8.245148,0.9962665558490128
39073,12.799700309904525,10.72068,0.9977563897676264
39081,12.799700309904525,10.101065,0.9967299222138335
39107,12.799700309904525,8.560124,0.9969515418078104
39109,12.799700309904525,9.13722,0.9969500819090542
39129,12.799700309904525,9.828532,0.9977225069345976
39133,12.799700309904525,8.855098,0.9959593497433082
39139,12.799700309904525,9.679724,0.995343105442962
39143,12.799700309904525,8.450869,0.9945315093221051
39159,12.799700309904525,7.9353356,0.996487109025993
39169,12.799700309904525,9.425274,0.9956394250638261
39173,12.799700309904525,8.652276,0.9969191722350744
40001,15.399699955621909,10.737508,0.999999813166222
40011,15.399699955621909,8.6731415,0.9999997495715186
40013,15.399699955621909,9.659101,0.9999998188774847
40017,15.399699955621909,9.47738,0.9999998735611608
40027,15.399699955621909,10.3484,0.999999841851691
40031,15.399699955621909,10.670507,0.9999998457453569
40047,15.399699955621909,8.955226,0.9999998255736697
40053,15.399699955621909,8.029639,0.999999720239161
40085,15.399699955621909,8.802852,0.9999997526564256
40095,15.399699955621909,8.970582,0.9999997572893436
40097,15.399699955621909,8.771102,0.9999997288281821
40105,15.399699955621909,8.451192,0.9999997210655992
40107,15.399699955621909,8.718876,0.9999998255770222
40119,15.399699955621909,8.161719,0.9999997813008111
40129,15.399699955621909,8.296139,0.9999998246381369
40149,15.399699955621909,8.266951,0.9999997760323864
41013,12.79877715186508,8.960717,8.408466017176342e-05
41021,12.79877715186508,7.115702,6.289827182269294e-05
41031,12.79877715186508,8.9220495,5.391535593494578e-05
41033,12.79877715186508,8.282642,2.841874500794811e-05
41035,12.79877715186508,8.934803,5.75812631051685e-05
41041,12.79877715186508,8.836508,1.4713849677624452e-05
41047,12.79877715186508,8.758533,2.3741822513064367e-05
41057,12.79877715186508,7.9454207,3.528565802135868e-05
42001,10.800578688152386,7.518008,0.005817359065308125
42007,10.800578688152386,8.897821,0.008268905673656044
42017,10.800578688152386,7.2073855,0.00123385720167303
42039,10.800578688152386,8.154766,0.008425181985242336
42041,10.800578688152386,7.611094,0.004552183592070144
42045,10.800578688152386,8.590911,0.008984242029197497
42047,10.800578688152386,7.8871284,0.009988777471945836
42067,10.800578688152386,7.304415,0.006247608953218349
42077,10.800578688152386,8.401157,0.006088315738631761
42095,10.800578688152386,8.406687,0.0047053550717079005
42097,10.800578688152386,7.970308,0.005736641094288198
42109,10.800578688152386,7.643644,0.0069278786417963515
42115,10.800578688152386,7.4531364,0.00748267311716246
42121,10.800578688152386,8.529321,0.007779580385997079
42123,10.800578688152386,8.2452755,0.006348470090650219
44007,9.704349275366967,9.4059515,0.0027724370470418587
45003,14.398856083336165,11.652075,4.1527921943444694e-05
45015,14.398856083336165,11.08971,2.603552784720482e-05
45027,14.398856083336165,12.200332,3.685979888536862e-05
45045,14.398856083336165,9.769588,9.965900172563756e-06
45055,14.398856083336165,10.707414,4.162244083872408e-05
45057,14.398856083336165,10.236087,4.472843722014862e-05
45059,14.398856083336165,11.023915,4.4713984879262716e-05
45061,14.398856083336165,12.977758,4.999740330059489e-05
45063,14.398856083336165,10.3208475,1.7082656905532158e-05
45073,14.398856083336165,9.699979,2.87077450538883e-05
45075,14.398856083336165,13.006191,3.706467131709071e-05
45077,14.398856083336165,10.203428,4.204034859726553e-05
45079,14.398856083336165,10.648891,2.695603994386513e-05
45091,14.398856083336165,9.9630575,3.997526353132416e-05
46013,9.000333790003767,7.9558387,3.387140519598599e-06
46025,9.000333790003767,7.680786,2.402773213398429e-06
46027,9.000333790003767,7.814963,2.7409650626671666e-06
46067,9.000333790003767,7.7212605,2.3785947062083037e-06
46073,9.000333790003767,7.6273084,1.0122280611903188e-06
46103,9.000333790003767,8.6904955,3.5455672112878474e-06
47013,11.700225282281265,9.434866,0.9969913543867612
47019,11.700225282281265,10.516808,0.9973807932440507
47027,11.700225282281265,7.840577,0.9956676386407085
47031,11.700225282281265,9.142974,0.9964794301468002
47033,11.700225282281265,8.131434,0.9964995456194305
47037,11.700225282281265,10.479353,0.9971594027581525
47043,11.700225282281265,9.016761,0.9960716439393796
47047,11.700225282281265,9.987591,0.9975731139893005
47053,11.700225282281265,9.843561,0.9976157657631964
47055,11.700225282281265,9.616325,0.9954893921343669
47063,11.700225282281265,10.5508585,0.9963305903201257
47067,11.700225282281265,7.914482,0.9954893976897699
47069,11.700225282281265,10.222377,0.9973402961675726
47075,11.700225282281265,9.354262,0.9969554379335231
47079,11.700225282281265,9.396023,0.9971101553328776
47083,11.700225282281265,7.702809,0.995732004511829
47103,11.700225282281265,9.520097,0.9958987372859074
47105,11.700225282281265,8.712859,0.9964098294408938
47109,11.700225282281265,9.331467,0.9961082094174207
47111,11.700225282281265,9.00827,0.9971308284408197
47121,11.700225282281265,8.15528,0.9964275241161644
47123,11.700225282281265,9.90642,0.9969074402589087
47133,11.700225282281265,8.7396965,0.9962883998859281
47139,11.700225282281265,8.495077,0.9964364724494847
47149,11.700225282281265,10.827998,0.9963414981247586
47151,11.700225282281265,9.263412,0.9968299735449944
47153,11.700225282281265,7.8372283,0.996254370568342
47157,11.700225282281265,11.9891,0.9953716446117881
47175,11.700225282281265,7.89768,0.996403930721493
47187,11.700225282281265,7.598652,0.9941911690008994
48005,16.899914853087722,10.325031,0.0045872855018427245
48017,16.899914853087722,7.2455626,0.001083893150194175
48035,16.899914853087722,7.4031515,0.0022493645470875573
48041,16.899914853087722,9.56314,0.0036721639518735253
48051,16.899914853087722,7.819155,0.003605888396711014
48061,16.899914853087722,10.475085,0.001023335805430409
48075,16.899914853087722,7.343337,0.001829277129713307
48081,16.899914853087722,7.5320425,0.0011387493144714308
48085,16.899914853087722,7.979827,0.0028637353900868405
48089,16.899914853087722,7.502929,0.0011601811842347203
48099,16.899914853087722,9.152052,0.004583532377835851
48107,16.899914853087722,7.177216,0.0011416708231686795
48121,16.899914853087722,9.02391,0.0012712542142271147
48127,16.899914853087722,7.2584944,0.0004176912116784144
48137,16.899914853087722,7.007649,0.0007667439071039958
48139,16.899914853087722,9.348696,0.003891098560958658
48143,16.899914853087722,7.67256,0.0019087268654549576
48149,16.899914853087722,7.7086687,0.0034688379896731973
48173,16.899914853087722,7.3948317,0.0008225696840791448
48185,16.899914853087722,8.339886,0.003138064570619204
48193,16.899914853087722,7.384155,0.0025538311316471596
48213,16.899914853087722,8.674721,0.0033522144320760495
48227,16.899914853087722,8.38151,0.0020099557368991865
48231,16.899914853087722,8.808918,0.0033668309686324125
48235,16.899914853087722,7.189075,0.002015678907101045
48237,16.899914853087722,7.1036215,0.0023849639665776685
48241,16.899914853087722,9.075184,0.0033901150917107882
48257,16.899914853087722,8.429787,0.0035016092154108625
48271,16.899914853087722,7.07377,0.0012487438965202247
48279,16.899914853087722,7.682325,0.0012208321603259169
48285,16.899914853087722,7.4614115,0.002783501162753653
48301,16.899914853087722,7.4891353,0.002016769677876939
48313,16.899914853087722,7.459471,0.002884993537147533
48317,16.899914853087722,7.082298,0.0026296525233860794
48321,16.899914853087722,8.531699,0.001064685978134642
48327,16.899914853087722,7.157208,0.0019068719313416753
48347,16.899914853087722,11.314502,0.006531216473964867
48351,16.899914853087722,8.670744,0.004697154270478844
48353,16.899914853087722,7.908136,0.001493647219194638
48359,16.899914853087722,7.409127,0.0009058441952224502
48361,16.899914853087722,9.348483,0.005219927422262927
48377,16.899914853087722,7.222401,0.0005626419739977585
48393,16.899914853087722,7.1225715,0.0037957125832773562
48401,16.899914853087722,9.572072,0.004790041414992518
48403,16.899914853087722,7.4279675,0.0034385483838413893
48409,16.899914853087722,8.710541,0.0017685212405367683
48427,16.899914853087722,8.801027,0.0004238734494854457
48429,16.899914853087722,7.530768,0.0020332334836735627
48431,16.899914853087722,7.1382804,0.0005407195748052939
48433,16.899914853087722,7.033143,0.002020041853784503
48439,16.899914853087722,10.699749,0.00016335441442031298
48443,16.899914853087722,7.094235,0.0003884700800214281
48453,16.899914853087722,8.059262,0.0009331026963392812
48467,16.899914853087726,7.8450823,0.003169160059878183
48485,16.899914853087722,10.257898,0.003680079547026576
48499,16.899914853087722,8.438002,0.004040330503053961
49017,11.799277133097567,7.917577,6.034054976393811e-11
49023,11.799277133097567,7.9734826,7.85807914288652e-11
49029,11.799277133097567,7.1694384,6.975419286096521e-11
49033,11.799277133097567,7.713344,2.3556609486576915e-11
49035,11.799277133097567,8.73353,2.5712389549673728e-11
49041,11.799277133097567,8.5811,6.211478749013474e-11
50001,9.200187804918656,6.820365,1.704136517624198e-05
50005,9.200187804918656,7.7584033,2.7013485246704523e-05
50009,9.200187804918656,8.076776,0.00013863773877652075
50011,9.200187804918656,8.8244915,0.00010361419717853515
50023,9.200187804918656,6.6246424,1.6645592006542672e-05
51007,9.999938220583411,9.087537,1.7853734785535663e-09
51009,9.999938220583411,8.3672285,1.4234833228392923e-09
51025,9.999938220583411,9.063181,1.1342973367678764e-09
51033,9.999938220583411,8.441505,9.151923381395769e-10
51045,9.999938220583411,7.645418,1.1477713294111409e-09
51077,9.999938220583411,8.110612,9.260910441918368e-10
51081,9.999938220583411,10.098944,1.209803737187731e-09
51087,9.999938220583411,8.631837,1.593929781233516e-09
51097,9.999938220583411,8.1150675,1.2892185706022763e-09
51099,9.999938220583411,8.031848,4.563008063073342e-10
51101,9.999938220583411,8.002843,1.788029969438123e-09
51121,9.999938220583411,8.166819,1.1313348852572222e-09
51127,9.999938220583411,7.9012456,1.1568551996809891e-09
51133,9.999938220583411,8.630713,1.190798621838425e-09
51145,9.999938220583411,8.299426,1.1764039904239425e-09
51173,9.999938220583411,8.690605,1.2201293037313884e-09
51177,9.999938220583411,9.91472,6.494029249235761e-10
51181,9.999938220583411,8.503918,1.3610089760992299e-09
51183,9.999938220583411,9.703924,1.3626638012173994e-09
51600,9.999938220583411,7.578958,5.448822961535592e-10
51680,9.999938220583411,9.692266,1.2840946992853535e-09
51760,9.999938220583411,9.619653,9.7275971944865e-10
51820,9.999938220583411,8.16134,8.335924817999644e-10
53003,9.500111472495012,8.332672,3.9302986190616827e-10
53017,9.500111472495012,8.550837,2.2987870737746443e-10
53027,9.500111472495012,9.170393,2.4820708356232396e-10
53029,9.500111472495012,7.1406913,2.0705893585837524e-10
53031,9.500111472495012,7.502483,1.4203845584242886e-10
53035,9.500111472495012,8.309351,4.4918642980992466e-11
53041,9.500111472495012,8.483367,1.397808465084351e-10
53047,9.500111472495012,8.803617,1.9218248809118668e-10
53055,9.497753292090072,6.3058414,3.642701197670636e-11
53057,9.500111472495012,8.135508,1.2364235648706136e-10
54007,13.70012480647504,9.544113,0.9999999996264868
54013,13.70012480647504,8.069759,0.9999999992219752
54015,13.70012480647504,10.352176,0.999999999543971
54017,13.70012480647504,8.570003,0.9999999995637845
54029,13.70012480647504,10.287583,0.999999999495673
54059,13.70012480647504,12.054981,0.9999999996551852
54077,13.70012480647504,10.130584,0.9999999996943068
54085,13.70012480647504,9.120493,0.9999999995294053
55007,10.699502508376858,7.199192,0.9758897372784625
55011,10.699502508376858,7.0899205,0.9852867534861912
55021,10.699502508376858,7.460946,0.9795797582748677
55027,10.699502508376858,8.621034,0.9816340689549068
55039,10.699502508376858,7.613547,0.9893557615527804
55047,10.699502508376858,8.239329,0.9857050490033034
55059,10.699502508376858,8.495461,0.9798218129597671
55083,10.699502508376858,7.3722057,0.9877794482658588
55087,10.699502508376858,7.5411563,0.982823116784699
55093,10.699502508376858,7.2214456,0.9880481021021389
55097,10.699502508376858,7.178917,0.9862226560479648
55105,10.699502508376858,8.281022,0.9848079118727489
55107,10.699502508376858,7.15717,0.9845327896094863
55113,10.699502508376858,7.717631,0.9855904000378305
55119,10.699502508376858,7.528739,0.9867918972455904
55121,10.699502508376858,7.7354426,0.9828337282566444
55127,10.699502508376858,7.276126,0.9772478086799764
55135,10.699502508376858,7.9869223,0.9885679449551572
56007,13.098919916250228,8.341419,1.9857486532542128e-11
56011,13.098919916250228,6.7879376,2.4005476637878658e-11
56013,13.098919916250228,8.616172,1.3601264874570883e-11
56015,13.098919916250228,7.7789755,3.9117335496247204e-11
56017,13.098919916250228,8.010633,4.291478893400285e-11
56021,13.098919916250228,8.781039,2.942356946516479e-11
56037,13.098919916250228,8.593769,3.559593131225673e-11
56039,13.098919916250228,6.1384664,1.1369677861685398e-11
